product_id,day,price,currency,price_base,in_stock,seen_at
books:00bfed9e18bb36f3,2026-07-31,34.53,GBP,43.8531,1,2026-07-31T15:05:25.678888+00:00
books:01d2001ac1e6f8a3,2026-07-31,52.37,GBP,66.5099,1,2026-07-31T15:05:25.678888+00:00
books:0312262ecafa5a40,2026-07-31,13.99,GBP,17.7673,1,2026-07-31T15:05:25.678888+00:00
books:0651062381f0636a,2026-07-31,51.36,GBP,65.2272,1,2026-07-31T15:05:25.678888+00:00
books:08db62f24627e71f,2026-07-31,55.85,GBP,70.9295,1,2026-07-31T15:05:25.678888+00:00
books:094b269567e1c300,2026-07-31,18.02,GBP,22.8854,1,2026-07-31T15:05:25.678888+00:00
books:09555be379ad9253,2026-07-31,16.28,GBP,20.6756,1,2026-07-31T15:05:25.678888+00:00
books:09b6cc87e62c2c58,2026-07-31,51.99,GBP,66.0273,1,2026-07-31T15:05:25.678888+00:00
books:0c27e6c3744fc14b,2026-07-31,29.06,GBP,36.9062,1,2026-07-31T15:05:25.678888+00:00
books:0da9aa9d24677fc0,2026-07-31,16.77,GBP,21.2979,1,2026-07-31T15:05:25.678888+00:00
books:0e0dcc3339602b28,2026-07-31,23.99,GBP,30.4673,1,2026-07-31T15:05:25.678888+00:00
books:0e691eda369f4e09,2026-07-31,13.34,GBP,16.9418,1,2026-07-31T15:05:25.678888+00:00
books:0fa6dceead7ce47a,2026-07-31,13.61,GBP,17.2847,1,2026-07-31T15:05:25.678888+00:00
books:116a2fdc9a45bab0,2026-07-31,29.99,GBP,38.0873,1,2026-07-31T15:05:25.678888+00:00
books:11809b1d323b3057,2026-07-31,48.41,GBP,61.4807,1,2026-07-31T15:05:25.678888+00:00
books:142d767a56a9254d,2026-07-31,56.41,GBP,71.6407,1,2026-07-31T15:05:25.678888+00:00
books:18ad3ed896c7ce05,2026-07-31,35.67,GBP,45.3009,1,2026-07-31T15:05:25.678888+00:00
books:19ed25f4641d5efd,2026-07-31,19.63,GBP,24.9301,1,2026-07-31T15:05:25.678888+00:00
books:1b33663ad7b95fd8,2026-07-31,12.23,GBP,15.5321,1,2026-07-31T15:05:25.678888+00:00
books:1c89ae5bb804e4de,2026-07-31,54.63,GBP,69.3801,1,2026-07-31T15:05:25.678888+00:00
books:1c929cfd16b71907,2026-07-31,43.55,GBP,55.3085,1,2026-07-31T15:05:25.678888+00:00
books:1dfe412b8ac00530,2026-07-31,52.15,GBP,66.2305,1,2026-07-31T15:05:25.678888+00:00
books:203b7f94b7d6115f,2026-07-31,55.99,GBP,71.1073,1,2026-07-31T15:05:25.678888+00:00
books:209adad1015af86f,2026-07-31,38.21,GBP,48.5267,1,2026-07-31T15:05:25.678888+00:00
books:228f74b74f3a08ae,2026-07-31,53.9,GBP,68.453,1,2026-07-31T15:05:25.678888+00:00
books:23356462d1320d61,2026-07-31,12.84,GBP,16.3068,1,2026-07-31T15:05:25.678888+00:00
books:2597b5a345f45e1b,2026-07-31,33.34,GBP,42.3418,1,2026-07-31T15:05:25.678888+00:00
books:29c0025455f8c585,2026-07-31,54.59,GBP,69.3293,1,2026-07-31T15:05:25.678888+00:00
books:2a70769cdc6eb8b8,2026-07-31,26.12,GBP,33.1724,1,2026-07-31T15:05:25.678888+00:00
books:2a97cffe61c3c4c7,2026-07-31,33.97,GBP,43.1419,1,2026-07-31T15:05:25.678888+00:00
books:2dbb7ec08cdd7f3c,2026-07-31,44.28,GBP,56.2356,1,2026-07-31T15:05:25.678888+00:00
books:2f88b08bf0a0e367,2026-07-31,29.0,GBP,36.83,1,2026-07-31T15:05:25.678888+00:00
books:30a7f60cd76ca58c,2026-07-31,20.66,GBP,26.2382,1,2026-07-31T15:05:25.678888+00:00
books:31001a1210623bd4,2026-07-31,14.19,GBP,18.0213,1,2026-07-31T15:05:25.678888+00:00
books:31075275518532d7,2026-07-31,23.89,GBP,30.3403,1,2026-07-31T15:05:25.678888+00:00
books:311c0dd0e354a33e,2026-07-31,54.35,GBP,69.0245,1,2026-07-31T15:05:25.678888+00:00
books:327f68a59745c102,2026-07-31,37.32,GBP,47.3964,1,2026-07-31T15:05:25.678888+00:00
books:37c0cb19713d8dda,2026-07-31,58.08,GBP,73.7616,1,2026-07-31T15:05:25.678888+00:00
books:38d45839cb1c83c1,2026-07-31,30.81,GBP,39.1287,1,2026-07-31T15:05:25.678888+00:00
books:3a11bb962ff45b78,2026-07-31,35.61,GBP,45.2247,1,2026-07-31T15:05:25.678888+00:00
books:3a6fb983e2554023,2026-07-31,55.53,GBP,70.5231,1,2026-07-31T15:05:25.678888+00:00
books:3b1c02bac2a429e6,2026-07-31,52.29,GBP,66.4083,1,2026-07-31T15:05:25.678888+00:00
books:3bebf34ee9330cbd,2026-07-31,12.61,GBP,16.0147,1,2026-07-31T15:05:25.678888+00:00
books:3c039985229453bf,2026-07-31,31.05,GBP,39.4335,1,2026-07-31T15:05:25.678888+00:00
books:3c346ab1e76ae1f6,2026-07-31,14.86,GBP,18.8722,1,2026-07-31T15:05:25.678888+00:00
books:3ecb690d1542c568,2026-07-31,31.77,GBP,40.3479,1,2026-07-31T15:05:25.678888+00:00
books:4165285e1663650f,2026-07-31,54.23,GBP,68.8721,1,2026-07-31T15:05:25.678888+00:00
books:42d0d7c92b75fc1c,2026-07-31,17.24,GBP,21.8948,1,2026-07-31T15:05:25.678888+00:00
books:43c6a960757cf559,2026-07-31,49.05,GBP,62.2935,1,2026-07-31T15:05:25.678888+00:00
books:460089f796fb3f82,2026-07-31,46.91,GBP,59.5757,1,2026-07-31T15:05:25.678888+00:00
books:46c1530d7546ea6d,2026-07-31,42.16,GBP,53.5432,1,2026-07-31T15:05:25.678888+00:00
books:4aa03792b50f0b22,2026-07-31,13.47,GBP,17.1069,1,2026-07-31T15:05:25.678888+00:00
books:4c28def39d850cdf,2026-07-31,40.3,GBP,51.181,1,2026-07-31T15:05:25.678888+00:00
books:4ce91d31c1e57c33,2026-07-31,42.98,GBP,54.5846,1,2026-07-31T15:05:25.678888+00:00
books:4eed62cf5f8d8edf,2026-07-31,19.09,GBP,24.2443,1,2026-07-31T15:05:25.678888+00:00
books:50b8f80311b31ede,2026-07-31,38.28,GBP,48.6156,1,2026-07-31T15:05:25.678888+00:00
books:51653ef291ab7ddc,2026-07-31,19.49,GBP,24.7523,1,2026-07-31T15:05:25.678888+00:00
books:53a3d11bb568cc8b,2026-07-31,51.04,GBP,64.8208,1,2026-07-31T15:05:25.678888+00:00
books:55f9da0c5eea2e10,2026-07-31,33.63,GBP,42.7101,1,2026-07-31T15:05:25.678888+00:00
books:5674a18a29a43ced,2026-07-31,30.52,GBP,38.7604,1,2026-07-31T15:05:25.678888+00:00
books:56e4f9eab2e8e674,2026-07-31,27.55,GBP,34.9885,1,2026-07-31T15:05:25.678888+00:00
books:57e5a4d515c8ce44,2026-07-31,19.92,GBP,25.2984,1,2026-07-31T15:05:25.678888+00:00
books:590a9cccf7db9f7d,2026-07-31,35.07,GBP,44.5389,1,2026-07-31T15:05:25.678888+00:00
books:5ceb951f629700a2,2026-07-31,28.81,GBP,36.5887,1,2026-07-31T15:05:25.678888+00:00
books:5dada2b7be26bd03,2026-07-31,23.82,GBP,30.2514,1,2026-07-31T15:05:25.678888+00:00
books:5ee94540d0749ea0,2026-07-31,56.5,GBP,71.755,1,2026-07-31T15:05:25.678888+00:00
books:623e1a180426039b,2026-07-31,24.12,GBP,30.6324,1,2026-07-31T15:05:25.678888+00:00
books:6258a1f6a6dcfe50,2026-07-31,17.66,GBP,22.4282,1,2026-07-31T15:05:25.678888+00:00
books:657fe5ead67a7767,2026-07-31,14.27,GBP,18.1229,1,2026-07-31T15:05:25.678888+00:00
books:65d034adf80834b7,2026-07-31,41.62,GBP,52.8574,1,2026-07-31T15:05:25.678888+00:00
books:668fe56b17cfcd4f,2026-07-31,33.29,GBP,42.2783,1,2026-07-31T15:05:25.678888+00:00
books:6957f44c3847a760,2026-07-31,50.1,GBP,63.627,1,2026-07-31T15:05:25.678888+00:00
books:6be3beb0793a53e7,2026-07-31,15.94,GBP,20.2438,1,2026-07-31T15:05:25.678888+00:00
books:6d5300b2d8f37e07,2026-07-31,28.09,GBP,35.6743,1,2026-07-31T15:05:25.678888+00:00
books:6f78a0d744c35456,2026-07-31,39.25,GBP,49.8475,1,2026-07-31T15:05:25.678888+00:00
books:6ffb36aaeff1c81e,2026-07-31,34.95,GBP,44.3865,1,2026-07-31T15:05:25.678888+00:00
books:709822d0b5bcb7f4,2026-07-31,17.27,GBP,21.9329,1,2026-07-31T15:05:25.678888+00:00
books:70ed59f194b3c556,2026-07-31,42.95,GBP,54.5465,1,2026-07-31T15:05:25.678888+00:00
books:7267864328ae8b9d,2026-07-31,43.29,GBP,54.9783,1,2026-07-31T15:05:25.678888+00:00
books:72f9d5be3472d34e,2026-07-31,14.02,GBP,17.8054,1,2026-07-31T15:05:25.678888+00:00
books:7392c0032f92d816,2026-07-31,36.28,GBP,46.0756,1,2026-07-31T15:05:25.678888+00:00
books:74baabfc8fd84b38,2026-07-31,49.46,GBP,62.8142,1,2026-07-31T15:05:25.678888+00:00
books:784bc2279baa878d,2026-07-31,33.37,GBP,42.3799,1,2026-07-31T15:05:25.678888+00:00
books:7858914fad68493c,2026-07-31,31.12,GBP,39.5224,1,2026-07-31T15:05:25.678888+00:00
books:790ef197c8f236f5,2026-07-31,10.65,GBP,13.5255,1,2026-07-31T15:05:25.678888+00:00
books:796c87ddbbaaf8c5,2026-07-31,21.87,GBP,27.7749,1,2026-07-31T15:05:25.678888+00:00
books:7add3f8e49ec0826,2026-07-31,21.96,GBP,27.8892,1,2026-07-31T15:05:25.678888+00:00
books:7ae099f3898e0209,2026-07-31,18.78,GBP,23.8506,1,2026-07-31T15:05:25.678888+00:00
books:7b599c8bfcdd8d30,2026-07-31,17.08,GBP,21.6916,1,2026-07-31T15:05:25.678888+00:00
books:7b75cc7f223791f4,2026-07-31,40.11,GBP,50.9397,1,2026-07-31T15:05:25.678888+00:00
books:7d385d34d12e60ff,2026-07-31,38.16,GBP,48.4632,1,2026-07-31T15:05:25.678888+00:00
books:7d6d2a6c0276f81b,2026-07-31,32.24,GBP,40.9448,1,2026-07-31T15:05:25.678888+00:00
books:80cfab6bcff3a244,2026-07-31,40.76,GBP,51.7652,1,2026-07-31T15:05:25.678888+00:00
books:842790dfaa937484,2026-07-31,28.13,GBP,35.7251,1,2026-07-31T15:05:25.678888+00:00
books:8585760646e3aa2a,2026-07-31,21.36,GBP,27.1272,1,2026-07-31T15:05:25.678888+00:00
books:8754c83ab2a7ae71,2026-07-31,36.72,GBP,46.6344,1,2026-07-31T15:05:25.678888+00:00
books:87b0615b6e1f4d7b,2026-07-31,41.83,GBP,53.1241,1,2026-07-31T15:05:25.678888+00:00
books:889139b8e9c4cb36,2026-07-31,15.44,GBP,19.6088,1,2026-07-31T15:05:25.678888+00:00
books:8a380641491d43ed,2026-07-31,56.76,GBP,72.0852,1,2026-07-31T15:05:25.678888+00:00
books:8c9e6bf2467d740d,2026-07-31,20.59,GBP,26.1493,1,2026-07-31T15:05:25.678888+00:00
books:8d455c7539795d2a,2026-07-31,50.27,GBP,63.8429,1,2026-07-31T15:05:25.678888+00:00
books:8d4eefad7a2b3915,2026-07-31,29.17,GBP,37.0459,1,2026-07-31T15:05:25.678888+00:00
books:8ec14b1576cb7cb5,2026-07-31,43.54,GBP,55.2958,1,2026-07-31T15:05:25.678888+00:00
books:904208d6aa64b655,2026-07-31,53.13,GBP,67.4751,1,2026-07-31T15:05:25.678888+00:00
books:90fa61229261140a,2026-07-31,53.74,GBP,68.2498,1,2026-07-31T15:05:25.678888+00:00
books:9270575728a13a61,2026-07-31,43.3,GBP,54.991,1,2026-07-31T15:05:25.678888+00:00
books:9287e238d7c3b06e,2026-07-31,36.95,GBP,46.9265,1,2026-07-31T15:05:25.678888+00:00
books:9429b4d59c537af5,2026-07-31,10.16,GBP,12.9032,1,2026-07-31T15:05:25.678888+00:00
books:9528d0948525bf5f,2026-07-31,54.64,GBP,69.3928,1,2026-07-31T15:05:25.678888+00:00
books:961f18db4f138211,2026-07-31,27.37,GBP,34.7599,1,2026-07-31T15:05:25.678888+00:00
books:96a38e7c813d8f1d,2026-07-31,41.25,GBP,52.3875,1,2026-07-31T15:05:25.678888+00:00
books:99ff4cc6491e8f5c,2026-07-31,43.29,GBP,54.9783,1,2026-07-31T15:05:25.678888+00:00
books:9a9d6e9bc555731e,2026-07-31,25.52,GBP,32.4104,1,2026-07-31T15:05:25.678888+00:00
books:9beb96a2300109d7,2026-07-31,29.69,GBP,37.7063,1,2026-07-31T15:05:25.678888+00:00
books:9e28048cea8d41f7,2026-07-31,15.97,GBP,20.2819,1,2026-07-31T15:05:25.678888+00:00
books:9f6568e9c95f60b0,2026-07-31,36.89,GBP,46.8503,1,2026-07-31T15:05:25.678888+00:00
books:9ffa38d3b832433a,2026-07-31,46.35,GBP,58.8645,1,2026-07-31T15:05:25.678888+00:00
books:a18a4f574854aced,2026-07-31,51.33,GBP,65.1891,1,2026-07-31T15:05:25.678888+00:00
books:a22124811bfa8350,2026-07-31,45.17,GBP,57.3659,1,2026-07-31T15:05:25.678888+00:00
books:a30b270e25489e5c,2026-07-31,56.06,GBP,71.1962,1,2026-07-31T15:05:25.678888+00:00
books:a34ba96d4081e6a4,2026-07-31,35.02,GBP,44.4754,1,2026-07-31T15:05:25.678888+00:00
books:a3d2a4250807f1e9,2026-07-31,19.73,GBP,25.0571,1,2026-07-31T15:05:25.678888+00:00
books:a40723994f715420,2026-07-31,30.25,GBP,38.4175,1,2026-07-31T15:05:25.678888+00:00
books:a6f99b9e687f9d46,2026-07-31,46.03,GBP,58.4581,1,2026-07-31T15:05:25.678888+00:00
books:a897fe39b1053632,2026-07-31,51.77,GBP,65.7479,1,2026-07-31T15:05:25.678888+00:00
books:aadee1c326d286e3,2026-07-31,42.96,GBP,54.5592,1,2026-07-31T15:05:25.678888+00:00
books:abeafe151a587d3b,2026-07-31,10.97,GBP,13.9319,1,2026-07-31T15:05:25.678888+00:00
books:acd86a5426e21ca0,2026-07-31,37.13,GBP,47.1551,1,2026-07-31T15:05:25.678888+00:00
books:acddfeab2a407640,2026-07-31,45.07,GBP,57.2389,1,2026-07-31T15:05:25.678888+00:00
books:ad04ad9fc179fc5d,2026-07-31,20.27,GBP,25.7429,1,2026-07-31T15:05:25.678888+00:00
books:af96613fdd793a3c,2026-07-31,10.76,GBP,13.6652,1,2026-07-31T15:05:25.678888+00:00
books:b12b89017878a60d,2026-07-31,47.61,GBP,60.4647,1,2026-07-31T15:05:25.678888+00:00
books:b136b1b180ca753a,2026-07-31,22.0,GBP,27.94,1,2026-07-31T15:05:25.678888+00:00
books:b4fd5943413e089a,2026-07-31,57.31,GBP,72.7837,1,2026-07-31T15:05:25.678888+00:00
books:b53db2271c9624f7,2026-07-31,20.47,GBP,25.9969,1,2026-07-31T15:05:25.678888+00:00
books:b5ea0b5dabed25a8,2026-07-31,56.13,GBP,71.2851,1,2026-07-31T15:05:25.678888+00:00
books:b6ee99bcf06fc91f,2026-07-31,45.61,GBP,57.9247,1,2026-07-31T15:05:25.678888+00:00
books:b757c0c361e689ce,2026-07-31,14.07,GBP,17.8689,1,2026-07-31T15:05:25.678888+00:00
books:b8736690cf263a3c,2026-07-31,21.04,GBP,26.7208,1,2026-07-31T15:05:25.678888+00:00
books:ba54932df84e8cea,2026-07-31,48.56,GBP,61.6712,1,2026-07-31T15:05:25.678888+00:00
books:bc2a85fd35fdc7bd,2026-07-31,52.72,GBP,66.9544,1,2026-07-31T15:05:25.678888+00:00
books:bd261725b99f5983,2026-07-31,58.11,GBP,73.7997,1,2026-07-31T15:05:25.678888+00:00
books:bdf415fd484ea8a7,2026-07-31,37.92,GBP,48.1584,1,2026-07-31T15:05:25.678888+00:00
books:be5cc846f45496fb,2026-07-31,52.22,GBP,66.3194,1,2026-07-31T15:05:25.678888+00:00
books:bee3672891cca906,2026-07-31,29.14,GBP,37.0078,1,2026-07-31T15:05:25.678888+00:00
books:c1afd71fc86bf682,2026-07-31,19.15,GBP,24.3205,1,2026-07-31T15:05:25.678888+00:00
books:c27f6e1f185b0383,2026-07-31,23.11,GBP,29.3497,1,2026-07-31T15:05:25.678888+00:00
books:c2e46a2ee3b4a322,2026-07-31,25.27,GBP,32.0929,1,2026-07-31T15:05:25.678888+00:00
books:c7b5183f4d1d4efe,2026-07-31,44.1,GBP,56.007,1,2026-07-31T15:05:25.678888+00:00
books:c7d160c2c0de586f,2026-07-31,22.5,GBP,28.575,1,2026-07-31T15:05:25.678888+00:00
books:c82a3e358c773c73,2026-07-31,50.4,GBP,64.008,1,2026-07-31T15:05:25.678888+00:00
books:c849f0b2f5d6a742,2026-07-31,25.02,GBP,31.7754,1,2026-07-31T15:05:25.678888+00:00
books:c8f7f0cb1abb9cac,2026-07-31,26.41,GBP,33.5407,1,2026-07-31T15:05:25.678888+00:00
books:c99761a700ade23f,2026-07-31,10.93,GBP,13.8811,1,2026-07-31T15:05:25.678888+00:00
books:ca71e72655bece85,2026-07-31,16.24,GBP,20.6248,1,2026-07-31T15:05:25.678888+00:00
books:caf4fe9311f1dc59,2026-07-31,28.26,GBP,35.8902,1,2026-07-31T15:05:25.678888+00:00
books:ccd9ffa25efabdea,2026-07-31,44.18,GBP,56.1086,1,2026-07-31T15:05:25.678888+00:00
books:ce60436f52c5ee68,2026-07-31,49.43,GBP,62.7761,1,2026-07-31T15:05:25.678888+00:00
books:ce6396b0f23f6ecc,2026-07-31,17.46,GBP,22.1742,1,2026-07-31T15:05:25.678888+00:00
books:cedf82b5086e4691,2026-07-31,45.22,GBP,57.4294,1,2026-07-31T15:05:25.678888+00:00
books:cfeb1e1e0e695b58,2026-07-31,41.05,GBP,52.1335,1,2026-07-31T15:05:25.678888+00:00
books:d01ac97e2b8947c2,2026-07-31,54.11,GBP,68.7197,1,2026-07-31T15:05:25.678888+00:00
books:d163dd6c352fbcd2,2026-07-31,22.16,GBP,28.1432,1,2026-07-31T15:05:25.678888+00:00
books:d170b5a0da46380e,2026-07-31,44.18,GBP,56.1086,1,2026-07-31T15:05:25.678888+00:00
books:d6361d16212664ed,2026-07-31,33.14,GBP,42.0878,1,2026-07-31T15:05:25.678888+00:00
books:d6670dfe3e7b42bd,2026-07-31,23.15,GBP,29.4005,1,2026-07-31T15:05:25.678888+00:00
books:d69dd8dac66f9f84,2026-07-31,16.85,GBP,21.3995,1,2026-07-31T15:05:25.678888+00:00
books:d7310206583a54b6,2026-07-31,19.83,GBP,25.1841,1,2026-07-31T15:05:25.678888+00:00
books:d7d6d50c1e3d0b81,2026-07-31,41.6,GBP,52.832,1,2026-07-31T15:05:25.678888+00:00
books:d9c643fa1fc57bdb,2026-07-31,41.06,GBP,52.1462,1,2026-07-31T15:05:25.678888+00:00
books:dd047728de72ad62,2026-07-31,38.49,GBP,48.8823,1,2026-07-31T15:05:25.678888+00:00
books:de3f25248ba0789f,2026-07-31,59.64,GBP,75.7428,1,2026-07-31T15:05:25.678888+00:00
books:deda3e61b9514b83,2026-07-31,57.25,GBP,72.7075,1,2026-07-31T15:05:25.678888+00:00
books:e00eb4fd7b871a48,2026-07-31,47.82,GBP,60.7314,1,2026-07-31T15:05:25.678888+00:00
books:e10e1e165dc8be4a,2026-07-31,22.6,GBP,28.702,1,2026-07-31T15:05:25.678888+00:00
books:e28e330cbdf01126,2026-07-31,37.6,GBP,47.752,1,2026-07-31T15:05:25.678888+00:00
books:e30f54cea9b38190,2026-07-31,37.59,GBP,47.7393,1,2026-07-31T15:05:25.678888+00:00
books:e4ac92d89b946781,2026-07-31,54.0,GBP,68.58,1,2026-07-31T15:05:25.678888+00:00
books:e4c7f3487d17fd42,2026-07-31,37.34,GBP,47.4218,1,2026-07-31T15:05:25.678888+00:00
books:e4f74c16de34d440,2026-07-31,57.36,GBP,72.8472,1,2026-07-31T15:05:25.678888+00:00
books:e656e280bc8edd56,2026-07-31,36.94,GBP,46.9138,1,2026-07-31T15:05:25.678888+00:00
books:e6af5bf1163c1151,2026-07-31,39.58,GBP,50.2666,1,2026-07-31T15:05:25.678888+00:00
books:e72a5dfc7e9267b2,2026-07-31,17.93,GBP,22.7711,1,2026-07-31T15:05:25.678888+00:00
books:e7469e22b5bfb3e7,2026-07-31,33.34,GBP,42.3418,1,2026-07-31T15:05:25.678888+00:00
books:e80f8e518b300dfe,2026-07-31,18.97,GBP,24.0919,1,2026-07-31T15:05:25.678888+00:00
books:e956d67c9bcc5809,2026-07-31,55.02,GBP,69.8754,1,2026-07-31T15:05:25.678888+00:00
books:e98a4efa85070c2f,2026-07-31,36.0,GBP,45.72,1,2026-07-31T15:05:25.678888+00:00
books:eac1a180047ad54e,2026-07-31,41.82,GBP,53.1114,1,2026-07-31T15:05:25.678888+00:00
books:edb3097e71330040,2026-07-31,53.53,GBP,67.9831,1,2026-07-31T15:05:25.678888+00:00
books:efc3768127714ec3,2026-07-31,32.0,GBP,40.64,1,2026-07-31T15:05:25.678888+00:00
books:f2df3bb043a8abb0,2026-07-31,22.11,GBP,28.0797,1,2026-07-31T15:05:25.678888+00:00
books:f5a92cff83897d48,2026-07-31,17.44,GBP,22.1488,1,2026-07-31T15:05:25.678888+00:00
books:f6d967cdadc6fbd9,2026-07-31,37.72,GBP,47.9044,1,2026-07-31T15:05:25.678888+00:00
books:f733e8c19d40ec2e,2026-07-31,16.64,GBP,21.1328,1,2026-07-31T15:05:25.678888+00:00
books:f77dbf2323deb740,2026-07-31,22.65,GBP,28.7655,1,2026-07-31T15:05:25.678888+00:00
books:fa9610a50a1bf149,2026-07-31,56.4,GBP,71.628,1,2026-07-31T15:05:25.678888+00:00
books:fce19f9b4a943f22,2026-07-31,37.97,GBP,48.2219,1,2026-07-31T15:05:25.678888+00:00
books:fd3a622648667296,2026-07-31,42.15,GBP,53.5305,1,2026-07-31T15:05:25.678888+00:00
books:fd8585283fc7d2d7,2026-07-31,57.36,GBP,72.8472,1,2026-07-31T15:05:25.678888+00:00
books:feb7cc7701ecf901,2026-07-31,23.88,GBP,30.3276,1,2026-07-31T15:05:25.678888+00:00
dummyjson:1,2026-07-31,8.94,USD,8.94,1,2026-07-31T15:05:49.165626+00:00
dummyjson:10,2026-07-31,68.48,USD,68.48,1,2026-07-31T15:05:49.165626+00:00
dummyjson:100,2026-07-31,109.79,USD,109.79,1,2026-07-31T15:05:49.165626+00:00
dummyjson:101,2026-07-31,474.81,USD,474.81,1,2026-07-31T15:05:49.165626+00:00
dummyjson:102,2026-07-31,76.41,USD,76.41,1,2026-07-31T15:05:49.165626+00:00
dummyjson:103,2026-07-31,81.89,USD,81.89,1,2026-07-31T15:05:49.165626+00:00
dummyjson:104,2026-07-31,16.29,USD,16.29,1,2026-07-31T15:05:49.165626+00:00
dummyjson:105,2026-07-31,82.82,USD,82.82,1,2026-07-31T15:05:49.165626+00:00
dummyjson:106,2026-07-31,307.92,USD,307.92,1,2026-07-31T15:05:49.165626+00:00
dummyjson:107,2026-07-31,47.13,USD,47.13,1,2026-07-31T15:05:49.165626+00:00
dummyjson:108,2026-07-31,25.84,USD,25.84,1,2026-07-31T15:05:49.165626+00:00
dummyjson:109,2026-07-31,18.27,USD,18.27,1,2026-07-31T15:05:49.165626+00:00
dummyjson:11,2026-07-31,1737.16,USD,1737.16,1,2026-07-31T15:05:49.165626+00:00
dummyjson:110,2026-07-31,12.08,USD,12.08,1,2026-07-31T15:05:49.165626+00:00
dummyjson:111,2026-07-31,10.51,USD,10.51,1,2026-07-31T15:05:49.165626+00:00
dummyjson:112,2026-07-31,458.44,USD,458.44,1,2026-07-31T15:05:49.165626+00:00
dummyjson:113,2026-07-31,3515.99,USD,3515.99,1,2026-07-31T15:05:49.165626+00:00
dummyjson:114,2026-07-31,8120.69,USD,8120.69,1,2026-07-31T15:05:49.165626+00:00
dummyjson:115,2026-07-31,13961.99,USD,13961.99,1,2026-07-31T15:05:49.165626+00:00
dummyjson:116,2026-07-31,2811.89,USD,2811.89,1,2026-07-31T15:05:49.165626+00:00
dummyjson:117,2026-07-31,6631.49,USD,6631.49,0,2026-07-31T15:05:49.165626+00:00
dummyjson:118,2026-07-31,7.33,USD,7.33,1,2026-07-31T15:05:49.165626+00:00
dummyjson:119,2026-07-31,10.86,USD,10.86,1,2026-07-31T15:05:49.165626+00:00
dummyjson:12,2026-07-31,2139.99,USD,2139.99,1,2026-07-31T15:05:49.165626+00:00
dummyjson:120,2026-07-31,8.65,USD,8.65,1,2026-07-31T15:05:49.165626+00:00
dummyjson:121,2026-07-31,174.17,USD,174.17,1,2026-07-31T15:05:49.165626+00:00
dummyjson:122,2026-07-31,279.92,USD,279.92,1,2026-07-31T15:05:49.165626+00:00
dummyjson:123,2026-07-31,996.92,USD,996.92,1,2026-07-31T15:05:49.165626+00:00
dummyjson:124,2026-07-31,723.68,USD,723.68,1,2026-07-31T15:05:49.165626+00:00
dummyjson:125,2026-07-31,243.92,USD,243.92,1,2026-07-31T15:05:49.165626+00:00
dummyjson:126,2026-07-31,325.43,USD,325.43,1,2026-07-31T15:05:49.165626+00:00
dummyjson:127,2026-07-31,245.12,USD,245.12,1,2026-07-31T15:05:49.165626+00:00
dummyjson:128,2026-07-31,127.04,USD,127.04,1,2026-07-31T15:05:49.165626+00:00
dummyjson:129,2026-07-31,279.14,USD,279.14,1,2026-07-31T15:05:49.165626+00:00
dummyjson:13,2026-07-31,242.72,USD,242.72,1,2026-07-31T15:05:49.165626+00:00
dummyjson:130,2026-07-31,309.71,USD,309.71,1,2026-07-31T15:05:49.165626+00:00
dummyjson:131,2026-07-31,241.34,USD,241.34,1,2026-07-31T15:05:49.165626+00:00
dummyjson:132,2026-07-31,402.74,USD,402.74,0,2026-07-31T15:05:49.165626+00:00
dummyjson:133,2026-07-31,660.86,USD,660.86,1,2026-07-31T15:05:49.165626+00:00
dummyjson:134,2026-07-31,224.57,USD,224.57,1,2026-07-31T15:05:49.165626+00:00
dummyjson:135,2026-07-31,246.98,USD,246.98,1,2026-07-31T15:05:49.165626+00:00
dummyjson:136,2026-07-31,412.94,USD,412.94,1,2026-07-31T15:05:49.165626+00:00
dummyjson:137,2026-07-31,19.0,USD,19.0,1,2026-07-31T15:05:49.165626+00:00
dummyjson:138,2026-07-31,8.84,USD,8.84,1,2026-07-31T15:05:49.165626+00:00
dummyjson:139,2026-07-31,24.27,USD,24.27,1,2026-07-31T15:05:49.165626+00:00
dummyjson:14,2026-07-31,489.94,USD,489.94,1,2026-07-31T15:05:49.165626+00:00
dummyjson:140,2026-07-31,13.87,USD,13.87,1,2026-07-31T15:05:49.165626+00:00
dummyjson:141,2026-07-31,36.89,USD,36.89,1,2026-07-31T15:05:49.165626+00:00
dummyjson:142,2026-07-31,11.87,USD,11.87,1,2026-07-31T15:05:49.165626+00:00
dummyjson:143,2026-07-31,29.0,USD,29.0,1,2026-07-31T15:05:49.165626+00:00
dummyjson:144,2026-07-31,40.65,USD,40.65,1,2026-07-31T15:05:49.165626+00:00
dummyjson:145,2026-07-31,24.91,USD,24.91,1,2026-07-31T15:05:49.165626+00:00
dummyjson:146,2026-07-31,5.81,USD,5.81,1,2026-07-31T15:05:49.165626+00:00
dummyjson:147,2026-07-31,17.06,USD,17.06,1,2026-07-31T15:05:49.165626+00:00
dummyjson:148,2026-07-31,8.25,USD,8.25,1,2026-07-31T15:05:49.165626+00:00
dummyjson:149,2026-07-31,46.73,USD,46.73,1,2026-07-31T15:05:49.165626+00:00
dummyjson:15,2026-07-31,729.59,USD,729.59,1,2026-07-31T15:05:49.165626+00:00
dummyjson:150,2026-07-31,24.14,USD,24.14,1,2026-07-31T15:05:49.165626+00:00
dummyjson:151,2026-07-31,6.17,USD,6.17,1,2026-07-31T15:05:49.165626+00:00
dummyjson:152,2026-07-31,40.19,USD,40.19,1,2026-07-31T15:05:49.165626+00:00
dummyjson:153,2026-07-31,10.52,USD,10.52,0,2026-07-31T15:05:49.165626+00:00
dummyjson:154,2026-07-31,28.51,USD,28.51,1,2026-07-31T15:05:49.165626+00:00
dummyjson:155,2026-07-31,23.76,USD,23.76,1,2026-07-31T15:05:49.165626+00:00
dummyjson:156,2026-07-31,34.64,USD,34.64,1,2026-07-31T15:05:49.165626+00:00
dummyjson:157,2026-07-31,17.75,USD,17.75,1,2026-07-31T15:05:49.165626+00:00
dummyjson:158,2026-07-31,22.64,USD,22.64,1,2026-07-31T15:05:49.165626+00:00
dummyjson:159,2026-07-31,481.79,USD,481.79,1,2026-07-31T15:05:49.165626+00:00
dummyjson:16,2026-07-31,1.74,USD,1.74,1,2026-07-31T15:05:49.165626+00:00
dummyjson:160,2026-07-31,520.13,USD,520.13,1,2026-07-31T15:05:49.165626+00:00
dummyjson:161,2026-07-31,286.29,USD,286.29,1,2026-07-31T15:05:49.165626+00:00
dummyjson:162,2026-07-31,26.35,USD,26.35,1,2026-07-31T15:05:49.165626+00:00
dummyjson:163,2026-07-31,16.15,USD,16.15,1,2026-07-31T15:05:49.165626+00:00
dummyjson:164,2026-07-31,29.99,USD,29.99,1,2026-07-31T15:05:49.165626+00:00
dummyjson:165,2026-07-31,21.63,USD,21.63,1,2026-07-31T15:05:49.165626+00:00
dummyjson:166,2026-07-31,34.81,USD,34.81,1,2026-07-31T15:05:49.165626+00:00
dummyjson:167,2026-07-31,27845.79,USD,27845.79,1,2026-07-31T15:05:49.165626+00:00
dummyjson:168,2026-07-31,30284.09,USD,30284.09,1,2026-07-31T15:05:49.165626+00:00
dummyjson:169,2026-07-31,24342.49,USD,24342.49,1,2026-07-31T15:05:49.165626+00:00
dummyjson:17,2026-07-31,11.74,USD,11.74,1,2026-07-31T15:05:49.165626+00:00
dummyjson:170,2026-07-31,30917.19,USD,30917.19,1,2026-07-31T15:05:49.165626+00:00
dummyjson:171,2026-07-31,27276.79,USD,27276.79,1,2026-07-31T15:05:49.165626+00:00
dummyjson:172,2026-07-31,41.05,USD,41.05,1,2026-07-31T15:05:49.165626+00:00
dummyjson:173,2026-07-31,124.96,USD,124.96,1,2026-07-31T15:05:49.165626+00:00
dummyjson:174,2026-07-31,515.45,USD,515.45,1,2026-07-31T15:05:49.165626+00:00
dummyjson:175,2026-07-31,33.91,USD,33.91,1,2026-07-31T15:05:49.165626+00:00
dummyjson:176,2026-07-31,53.01,USD,53.01,1,2026-07-31T15:05:49.165626+00:00
dummyjson:177,2026-07-31,116.37,USD,116.37,1,2026-07-31T15:05:49.165626+00:00
dummyjson:178,2026-07-31,75.36,USD,75.36,1,2026-07-31T15:05:49.165626+00:00
dummyjson:179,2026-07-31,67.94,USD,67.94,1,2026-07-31T15:05:49.165626+00:00
dummyjson:18,2026-07-31,8.13,USD,8.13,1,2026-07-31T15:05:49.165626+00:00
dummyjson:180,2026-07-31,41.15,USD,41.15,1,2026-07-31T15:05:49.165626+00:00
dummyjson:181,2026-07-31,145.76,USD,145.76,1,2026-07-31T15:05:49.165626+00:00
dummyjson:182,2026-07-31,25.42,USD,25.42,1,2026-07-31T15:05:49.165626+00:00
dummyjson:183,2026-07-31,21.2,USD,21.2,1,2026-07-31T15:05:49.165626+00:00
dummyjson:184,2026-07-31,19.84,USD,19.84,1,2026-07-31T15:05:49.165626+00:00
dummyjson:185,2026-07-31,19.32,USD,19.32,1,2026-07-31T15:05:49.165626+00:00
dummyjson:186,2026-07-31,77.44,USD,77.44,1,2026-07-31T15:05:49.165626+00:00
dummyjson:187,2026-07-31,43.03,USD,43.03,1,2026-07-31T15:05:49.165626+00:00
dummyjson:188,2026-07-31,25.75,USD,25.75,1,2026-07-31T15:05:49.165626+00:00
dummyjson:189,2026-07-31,28.8,USD,28.8,1,2026-07-31T15:05:49.165626+00:00
dummyjson:19,2026-07-31,8.62,USD,8.62,1,2026-07-31T15:05:49.165626+00:00
dummyjson:190,2026-07-31,4527.49,USD,4527.49,1,2026-07-31T15:05:49.165626+00:00
dummyjson:191,2026-07-31,15342.39,USD,15342.39,1,2026-07-31T15:05:49.165626+00:00
dummyjson:192,2026-07-31,9246.59,USD,9246.59,1,2026-07-31T15:05:49.165626+00:00
dummyjson:193,2026-07-31,653.27,USD,653.27,0,2026-07-31T15:05:49.165626+00:00
dummyjson:194,2026-07-31,113.61,USD,113.61,1,2026-07-31T15:05:49.165626+00:00
dummyjson:2,2026-07-31,16.35,USD,16.35,1,2026-07-31T15:05:49.165626+00:00
dummyjson:20,2026-07-31,4.52,USD,4.52,1,2026-07-31T15:05:49.165626+00:00
dummyjson:21,2026-07-31,1.49,USD,1.49,1,2026-07-31T15:05:49.165626+00:00
dummyjson:22,2026-07-31,9.86,USD,9.86,1,2026-07-31T15:05:49.165626+00:00
dummyjson:23,2026-07-31,2.66,USD,2.66,1,2026-07-31T15:05:49.165626+00:00
dummyjson:24,2026-07-31,14.36,USD,14.36,1,2026-07-31T15:05:49.165626+00:00
dummyjson:25,2026-07-31,1.29,USD,1.29,1,2026-07-31T15:05:49.165626+00:00
dummyjson:26,2026-07-31,0.98,USD,0.98,1,2026-07-31T15:05:49.165626+00:00
dummyjson:27,2026-07-31,5.98,USD,5.98,1,2026-07-31T15:05:49.165626+00:00
dummyjson:28,2026-07-31,5.01,USD,5.01,1,2026-07-31T15:05:49.165626+00:00
dummyjson:29,2026-07-31,3.51,USD,3.51,1,2026-07-31T15:05:49.165626+00:00
dummyjson:3,2026-07-31,13.51,USD,13.51,1,2026-07-31T15:05:49.165626+00:00
dummyjson:30,2026-07-31,2.11,USD,2.11,1,2026-07-31T15:05:49.165626+00:00
dummyjson:31,2026-07-31,0.71,USD,0.71,1,2026-07-31T15:05:49.165626+00:00
dummyjson:32,2026-07-31,3.01,USD,3.01,1,2026-07-31T15:05:49.165626+00:00
dummyjson:33,2026-07-31,4.35,USD,4.35,1,2026-07-31T15:05:49.165626+00:00
dummyjson:34,2026-07-31,7.86,USD,7.86,1,2026-07-31T15:05:49.165626+00:00
dummyjson:35,2026-07-31,2.17,USD,2.17,1,2026-07-31T15:05:49.165626+00:00
dummyjson:36,2026-07-31,18.47,USD,18.47,1,2026-07-31T15:05:49.165626+00:00
dummyjson:37,2026-07-31,1.79,USD,1.79,1,2026-07-31T15:05:49.165626+00:00
dummyjson:38,2026-07-31,5.43,USD,5.43,1,2026-07-31T15:05:49.165626+00:00
dummyjson:39,2026-07-31,1.64,USD,1.64,1,2026-07-31T15:05:49.165626+00:00
dummyjson:4,2026-07-31,11.41,USD,11.41,1,2026-07-31T15:05:49.165626+00:00
dummyjson:40,2026-07-31,3.95,USD,3.95,1,2026-07-31T15:05:49.165626+00:00
dummyjson:41,2026-07-31,2.16,USD,2.16,1,2026-07-31T15:05:49.165626+00:00
dummyjson:42,2026-07-31,0.84,USD,0.84,1,2026-07-31T15:05:49.165626+00:00
dummyjson:43,2026-07-31,53.75,USD,53.75,1,2026-07-31T15:05:49.165626+00:00
dummyjson:44,2026-07-31,25.53,USD,25.53,1,2026-07-31T15:05:49.165626+00:00
dummyjson:45,2026-07-31,37.01,USD,37.01,1,2026-07-31T15:05:49.165626+00:00
dummyjson:46,2026-07-31,13.96,USD,13.96,1,2026-07-31T15:05:49.165626+00:00
dummyjson:47,2026-07-31,46.45,USD,46.45,1,2026-07-31T15:05:49.165626+00:00
dummyjson:48,2026-07-31,7.76,USD,7.76,1,2026-07-31T15:05:49.165626+00:00
dummyjson:49,2026-07-31,5.05,USD,5.05,1,2026-07-31T15:05:49.165626+00:00
dummyjson:5,2026-07-31,7.96,USD,7.96,1,2026-07-31T15:05:49.165626+00:00
dummyjson:50,2026-07-31,8.97,USD,8.97,1,2026-07-31T15:05:49.165626+00:00
dummyjson:51,2026-07-31,37.09,USD,37.09,1,2026-07-31T15:05:49.165626+00:00
dummyjson:52,2026-07-31,28.03,USD,28.03,1,2026-07-31T15:05:49.165626+00:00
dummyjson:53,2026-07-31,11.95,USD,11.95,1,2026-07-31T15:05:49.165626+00:00
dummyjson:54,2026-07-31,7.9,USD,7.9,1,2026-07-31T15:05:49.165626+00:00
dummyjson:55,2026-07-31,5.96,USD,5.96,1,2026-07-31T15:05:49.165626+00:00
dummyjson:56,2026-07-31,42.97,USD,42.97,1,2026-07-31T15:05:49.165626+00:00
dummyjson:57,2026-07-31,9.64,USD,9.64,1,2026-07-31T15:05:49.165626+00:00
dummyjson:58,2026-07-31,3.67,USD,3.67,1,2026-07-31T15:05:49.165626+00:00
dummyjson:59,2026-07-31,4.59,USD,4.59,1,2026-07-31T15:05:49.165626+00:00
dummyjson:6,2026-07-31,49.05,USD,49.05,1,2026-07-31T15:05:49.165626+00:00
dummyjson:60,2026-07-31,10.6,USD,10.6,1,2026-07-31T15:05:49.165626+00:00
dummyjson:61,2026-07-31,29.03,USD,29.03,1,2026-07-31T15:05:49.165626+00:00
dummyjson:62,2026-07-31,5.95,USD,5.95,1,2026-07-31T15:05:49.165626+00:00
dummyjson:63,2026-07-31,6.48,USD,6.48,1,2026-07-31T15:05:49.165626+00:00
dummyjson:64,2026-07-31,12.16,USD,12.16,1,2026-07-31T15:05:49.165626+00:00
dummyjson:65,2026-07-31,11.65,USD,11.65,1,2026-07-31T15:05:49.165626+00:00
dummyjson:66,2026-07-31,79.07,USD,79.07,1,2026-07-31T15:05:49.165626+00:00
dummyjson:67,2026-07-31,14.51,USD,14.51,1,2026-07-31T15:05:49.165626+00:00
dummyjson:68,2026-07-31,24.24,USD,24.24,1,2026-07-31T15:05:49.165626+00:00
dummyjson:69,2026-07-31,3.7,USD,3.7,1,2026-07-31T15:05:49.165626+00:00
dummyjson:7,2026-07-31,108.53,USD,108.53,1,2026-07-31T15:05:49.165626+00:00
dummyjson:70,2026-07-31,5.98,USD,5.98,1,2026-07-31T15:05:49.165626+00:00
dummyjson:71,2026-07-31,37.71,USD,37.71,1,2026-07-31T15:05:49.165626+00:00
dummyjson:72,2026-07-31,7.79,USD,7.79,1,2026-07-31T15:05:49.165626+00:00
dummyjson:73,2026-07-31,17.57,USD,17.57,1,2026-07-31T15:05:49.165626+00:00
dummyjson:74,2026-07-31,4.91,USD,4.91,1,2026-07-31T15:05:49.165626+00:00
dummyjson:75,2026-07-31,15.72,USD,15.72,1,2026-07-31T15:05:49.165626+00:00
dummyjson:76,2026-07-31,10.82,USD,10.82,1,2026-07-31T15:05:49.165626+00:00
dummyjson:77,2026-07-31,5.24,USD,5.24,1,2026-07-31T15:05:49.165626+00:00
dummyjson:78,2026-07-31,1906.19,USD,1906.19,1,2026-07-31T15:05:49.165626+00:00
dummyjson:79,2026-07-31,1599.47,USD,1599.47,1,2026-07-31T15:05:49.165626+00:00
dummyjson:8,2026-07-31,76.74,USD,76.74,1,2026-07-31T15:05:49.165626+00:00
dummyjson:80,2026-07-31,1268.67,USD,1268.67,1,2026-07-31T15:05:49.165626+00:00
dummyjson:81,2026-07-31,1027.94,USD,1027.94,1,2026-07-31T15:05:49.165626+00:00
dummyjson:82,2026-07-31,1321.64,USD,1321.64,1,2026-07-31T15:05:49.165626+00:00
dummyjson:83,2026-07-31,25.39,USD,25.39,1,2026-07-31T15:05:49.165626+00:00
dummyjson:84,2026-07-31,24.76,USD,24.76,1,2026-07-31T15:05:49.165626+00:00
dummyjson:85,2026-07-31,28.17,USD,28.17,1,2026-07-31T15:05:49.165626+00:00
dummyjson:86,2026-07-31,18.62,USD,18.62,1,2026-07-31T15:05:49.165626+00:00
dummyjson:87,2026-07-31,24.8,USD,24.8,1,2026-07-31T15:05:49.165626+00:00
dummyjson:88,2026-07-31,143.81,USD,143.81,1,2026-07-31T15:05:49.165626+00:00
dummyjson:89,2026-07-31,65.56,USD,65.56,1,2026-07-31T15:05:49.165626+00:00
dummyjson:9,2026-07-31,69.56,USD,69.56,1,2026-07-31T15:05:49.165626+00:00
dummyjson:90,2026-07-31,86.21,USD,86.21,1,2026-07-31T15:05:49.165626+00:00
dummyjson:91,2026-07-31,114.03,USD,114.03,1,2026-07-31T15:05:49.165626+00:00
dummyjson:92,2026-07-31,109.95,USD,109.95,1,2026-07-31T15:05:49.165626+00:00
dummyjson:93,2026-07-31,84.6,USD,84.6,1,2026-07-31T15:05:49.165626+00:00
dummyjson:94,2026-07-31,1241.39,USD,1241.39,1,2026-07-31T15:05:49.165626+00:00
dummyjson:95,2026-07-31,8200.79,USD,8200.79,1,2026-07-31T15:05:49.165626+00:00
dummyjson:96,2026-07-31,10722.39,USD,10722.39,1,2026-07-31T15:05:49.165626+00:00
dummyjson:97,2026-07-31,10589.69,USD,10589.69,1,2026-07-31T15:05:49.165626+00:00
dummyjson:98,2026-07-31,13292.99,USD,13292.99,1,2026-07-31T15:05:49.165626+00:00
dummyjson:99,2026-07-31,87.92,USD,87.92,1,2026-07-31T15:05:49.165626+00:00
scrapeme:abra,2026-07-31,141.0,GBP,179.07,1,2026-07-31T15:05:56.027631+00:00
scrapeme:aerodactyl,2026-07-31,56.0,GBP,71.12,1,2026-07-31T15:05:56.027631+00:00
scrapeme:aipom,2026-07-31,182.0,GBP,231.14,1,2026-07-31T15:05:56.027631+00:00
scrapeme:alakazam,2026-07-31,40.0,GBP,50.8,1,2026-07-31T15:05:56.027631+00:00
scrapeme:ampharos,2026-07-31,41.0,GBP,52.07,1,2026-07-31T15:05:56.027631+00:00
scrapeme:arbok,2026-07-31,182.0,GBP,231.14,1,2026-07-31T15:05:56.027631+00:00
scrapeme:arcanine,2026-07-31,69.0,GBP,87.63,1,2026-07-31T15:05:56.027631+00:00
scrapeme:ariados,2026-07-31,85.0,GBP,107.95,1,2026-07-31T15:05:56.027631+00:00
scrapeme:articuno,2026-07-31,77.0,GBP,97.79,1,2026-07-31T15:05:56.027631+00:00
scrapeme:azumarill,2026-07-31,175.0,GBP,222.25,1,2026-07-31T15:05:56.027631+00:00
scrapeme:bayleef,2026-07-31,44.0,GBP,55.88,1,2026-07-31T15:05:56.027631+00:00
scrapeme:beedrill,2026-07-31,168.0,GBP,213.36,1,2026-07-31T15:05:56.027631+00:00
scrapeme:bellossom,2026-07-31,25.0,GBP,31.75,1,2026-07-31T15:05:56.027631+00:00
scrapeme:bellsprout,2026-07-31,74.0,GBP,93.98,1,2026-07-31T15:05:56.027631+00:00
scrapeme:blastoise,2026-07-31,76.0,GBP,96.52,1,2026-07-31T15:05:56.027631+00:00
scrapeme:bulbasaur,2026-07-31,63.0,GBP,80.01,1,2026-07-31T15:05:56.027631+00:00
scrapeme:butterfree,2026-07-31,162.0,GBP,205.74,1,2026-07-31T15:05:56.027631+00:00
scrapeme:caterpie,2026-07-31,73.0,GBP,92.71,1,2026-07-31T15:05:56.027631+00:00
scrapeme:chansey,2026-07-31,176.0,GBP,223.52,1,2026-07-31T15:05:56.027631+00:00
scrapeme:charizard,2026-07-31,156.0,GBP,198.12,1,2026-07-31T15:05:56.027631+00:00
scrapeme:charmander,2026-07-31,48.0,GBP,60.96,1,2026-07-31T15:05:56.027631+00:00
scrapeme:charmeleon,2026-07-31,165.0,GBP,209.55,1,2026-07-31T15:05:56.027631+00:00
scrapeme:chikorita,2026-07-31,127.0,GBP,161.29,1,2026-07-31T15:05:56.027631+00:00
scrapeme:chinchou,2026-07-31,59.0,GBP,74.93,1,2026-07-31T15:05:56.027631+00:00
scrapeme:clefable,2026-07-31,188.0,GBP,238.76,1,2026-07-31T15:05:56.027631+00:00
scrapeme:clefairy,2026-07-31,160.0,GBP,203.2,1,2026-07-31T15:05:56.027631+00:00
scrapeme:cleffa,2026-07-31,107.0,GBP,135.89,1,2026-07-31T15:05:56.027631+00:00
scrapeme:cloyster,2026-07-31,199.0,GBP,252.73,1,2026-07-31T15:05:56.027631+00:00
scrapeme:crobat,2026-07-31,195.0,GBP,247.65,1,2026-07-31T15:05:56.027631+00:00
scrapeme:croconaw,2026-07-31,175.0,GBP,222.25,1,2026-07-31T15:05:56.027631+00:00
scrapeme:cubone,2026-07-31,177.0,GBP,224.79,1,2026-07-31T15:05:56.027631+00:00
scrapeme:cyndaquil,2026-07-31,154.0,GBP,195.58,1,2026-07-31T15:05:56.027631+00:00
scrapeme:dewgong,2026-07-31,70.0,GBP,88.9,1,2026-07-31T15:05:56.027631+00:00
scrapeme:diglett,2026-07-31,122.0,GBP,154.94,1,2026-07-31T15:05:56.027631+00:00
scrapeme:ditto,2026-07-31,75.0,GBP,95.25,1,2026-07-31T15:05:56.027631+00:00
scrapeme:dodrio,2026-07-31,138.0,GBP,175.26,1,2026-07-31T15:05:56.027631+00:00
scrapeme:doduo,2026-07-31,73.0,GBP,92.71,1,2026-07-31T15:05:56.027631+00:00
scrapeme:dragonair,2026-07-31,57.0,GBP,72.39,1,2026-07-31T15:05:56.027631+00:00
scrapeme:dragonite,2026-07-31,69.0,GBP,87.63,1,2026-07-31T15:05:56.027631+00:00
scrapeme:dratini,2026-07-31,94.0,GBP,119.38,1,2026-07-31T15:05:56.027631+00:00
scrapeme:drowzee,2026-07-31,40.0,GBP,50.8,1,2026-07-31T15:05:56.027631+00:00
scrapeme:dugtrio,2026-07-31,111.0,GBP,140.97,1,2026-07-31T15:05:56.027631+00:00
scrapeme:eevee,2026-07-31,112.0,GBP,142.24,1,2026-07-31T15:05:56.027631+00:00
scrapeme:ekans,2026-07-31,55.0,GBP,69.85,1,2026-07-31T15:05:56.027631+00:00
scrapeme:electabuzz,2026-07-31,125.0,GBP,158.75,1,2026-07-31T15:05:56.027631+00:00
scrapeme:electrode,2026-07-31,100.0,GBP,127.0,1,2026-07-31T15:05:56.027631+00:00
scrapeme:espeon,2026-07-31,177.0,GBP,224.79,1,2026-07-31T15:05:56.027631+00:00
scrapeme:exeggcute,2026-07-31,126.0,GBP,160.02,1,2026-07-31T15:05:56.027631+00:00
scrapeme:exeggutor,2026-07-31,68.0,GBP,86.36,1,2026-07-31T15:05:56.027631+00:00
scrapeme:farfetchd,2026-07-31,185.0,GBP,234.95,1,2026-07-31T15:05:56.027631+00:00
scrapeme:fearow,2026-07-31,95.0,GBP,120.65,1,2026-07-31T15:05:56.027631+00:00
scrapeme:feraligatr,2026-07-31,183.0,GBP,232.41,1,2026-07-31T15:05:56.027631+00:00
scrapeme:flaaffy,2026-07-31,163.0,GBP,207.01,1,2026-07-31T15:05:56.027631+00:00
scrapeme:flareon,2026-07-31,34.0,GBP,43.18,1,2026-07-31T15:05:56.027631+00:00
scrapeme:furret,2026-07-31,154.0,GBP,195.58,1,2026-07-31T15:05:56.027631+00:00
scrapeme:gastly,2026-07-31,179.0,GBP,227.33,1,2026-07-31T15:05:56.027631+00:00
scrapeme:gengar,2026-07-31,149.0,GBP,189.23,1,2026-07-31T15:05:56.027631+00:00
scrapeme:geodude,2026-07-31,32.0,GBP,40.64,1,2026-07-31T15:05:56.027631+00:00
scrapeme:gloom,2026-07-31,178.0,GBP,226.06,1,2026-07-31T15:05:56.027631+00:00
scrapeme:golbat,2026-07-31,136.0,GBP,172.72,1,2026-07-31T15:05:56.027631+00:00
scrapeme:goldeen,2026-07-31,170.0,GBP,215.9,1,2026-07-31T15:05:56.027631+00:00
scrapeme:golduck,2026-07-31,31.0,GBP,39.37,1,2026-07-31T15:05:56.027631+00:00
scrapeme:golem,2026-07-31,103.0,GBP,130.81,1,2026-07-31T15:05:56.027631+00:00
scrapeme:graveler,2026-07-31,182.0,GBP,231.14,1,2026-07-31T15:05:56.027631+00:00
scrapeme:grimer,2026-07-31,147.0,GBP,186.69,1,2026-07-31T15:05:56.027631+00:00
scrapeme:growlithe,2026-07-31,30.0,GBP,38.1,1,2026-07-31T15:05:56.027631+00:00
scrapeme:gyarados,2026-07-31,79.0,GBP,100.33,1,2026-07-31T15:05:56.027631+00:00
scrapeme:haunter,2026-07-31,42.0,GBP,53.34,1,2026-07-31T15:05:56.027631+00:00
scrapeme:hitmonchan,2026-07-31,91.0,GBP,115.57,1,2026-07-31T15:05:56.027631+00:00
scrapeme:hitmonlee,2026-07-31,73.0,GBP,92.71,1,2026-07-31T15:05:56.027631+00:00
scrapeme:hoothoot,2026-07-31,48.0,GBP,60.96,1,2026-07-31T15:05:56.027631+00:00
scrapeme:hoppip,2026-07-31,107.0,GBP,135.89,1,2026-07-31T15:05:56.027631+00:00
scrapeme:horsea,2026-07-31,154.0,GBP,195.58,1,2026-07-31T15:05:56.027631+00:00
scrapeme:hypno,2026-07-31,198.0,GBP,251.46,1,2026-07-31T15:05:56.027631+00:00
scrapeme:igglybuff,2026-07-31,189.0,GBP,240.03,1,2026-07-31T15:05:56.027631+00:00
scrapeme:ivysaur,2026-07-31,87.0,GBP,110.49,1,2026-07-31T15:05:56.027631+00:00
scrapeme:jigglypuff,2026-07-31,61.0,GBP,77.47,1,2026-07-31T15:05:56.027631+00:00
scrapeme:jolteon,2026-07-31,158.0,GBP,200.66,1,2026-07-31T15:05:56.027631+00:00
scrapeme:jumpluff,2026-07-31,107.0,GBP,135.89,1,2026-07-31T15:05:56.027631+00:00
scrapeme:jynx,2026-07-31,138.0,GBP,175.26,1,2026-07-31T15:05:56.027631+00:00
scrapeme:kabuto,2026-07-31,79.0,GBP,100.33,1,2026-07-31T15:05:56.027631+00:00
scrapeme:kabutops,2026-07-31,57.0,GBP,72.39,1,2026-07-31T15:05:56.027631+00:00
scrapeme:kadabra,2026-07-31,129.0,GBP,163.83,1,2026-07-31T15:05:56.027631+00:00
scrapeme:kakuna,2026-07-31,148.0,GBP,187.96,1,2026-07-31T15:05:56.027631+00:00
scrapeme:kangaskhan,2026-07-31,164.0,GBP,208.28,1,2026-07-31T15:05:56.027631+00:00
scrapeme:kingler,2026-07-31,72.0,GBP,91.44,1,2026-07-31T15:05:56.027631+00:00
scrapeme:koffing,2026-07-31,38.0,GBP,48.26,1,2026-07-31T15:05:56.027631+00:00
scrapeme:krabby,2026-07-31,64.0,GBP,81.28,1,2026-07-31T15:05:56.027631+00:00
scrapeme:lanturn,2026-07-31,131.0,GBP,166.37,1,2026-07-31T15:05:56.027631+00:00
scrapeme:lapras,2026-07-31,172.0,GBP,218.44,1,2026-07-31T15:05:56.027631+00:00
scrapeme:ledian,2026-07-31,136.0,GBP,172.72,1,2026-07-31T15:05:56.027631+00:00
scrapeme:ledyba,2026-07-31,98.0,GBP,124.46,1,2026-07-31T15:05:56.027631+00:00
scrapeme:lickitung,2026-07-31,142.0,GBP,180.34,1,2026-07-31T15:05:56.027631+00:00
scrapeme:machamp,2026-07-31,121.0,GBP,153.67,1,2026-07-31T15:05:56.027631+00:00
scrapeme:machoke,2026-07-31,27.0,GBP,34.29,1,2026-07-31T15:05:56.027631+00:00
scrapeme:machop,2026-07-31,166.0,GBP,210.82,1,2026-07-31T15:05:56.027631+00:00
scrapeme:magikarp,2026-07-31,43.0,GBP,54.61,1,2026-07-31T15:05:56.027631+00:00
scrapeme:magmar,2026-07-31,130.0,GBP,165.1,1,2026-07-31T15:05:56.027631+00:00
scrapeme:magnemite,2026-07-31,100.0,GBP,127.0,1,2026-07-31T15:05:56.027631+00:00
scrapeme:magneton,2026-07-31,191.0,GBP,242.57,1,2026-07-31T15:05:56.027631+00:00
scrapeme:mankey,2026-07-31,125.0,GBP,158.75,1,2026-07-31T15:05:56.027631+00:00
scrapeme:mareep,2026-07-31,79.0,GBP,100.33,1,2026-07-31T15:05:56.027631+00:00
scrapeme:marill,2026-07-31,127.0,GBP,161.29,1,2026-07-31T15:05:56.027631+00:00
scrapeme:marowak,2026-07-31,36.0,GBP,45.72,1,2026-07-31T15:05:56.027631+00:00
scrapeme:meganium,2026-07-31,163.0,GBP,207.01,1,2026-07-31T15:05:56.027631+00:00
scrapeme:meowth,2026-07-31,131.0,GBP,166.37,1,2026-07-31T15:05:56.027631+00:00
scrapeme:metapod,2026-07-31,148.0,GBP,187.96,1,2026-07-31T15:05:56.027631+00:00
scrapeme:mew,2026-07-31,136.0,GBP,172.72,1,2026-07-31T15:05:56.027631+00:00
scrapeme:mewtwo,2026-07-31,43.0,GBP,54.61,1,2026-07-31T15:05:56.027631+00:00
scrapeme:misdreavus,2026-07-31,33.0,GBP,41.91,1,2026-07-31T15:05:56.027631+00:00
scrapeme:moltres,2026-07-31,178.0,GBP,226.06,1,2026-07-31T15:05:56.027631+00:00
scrapeme:mr-mime,2026-07-31,144.0,GBP,182.88,1,2026-07-31T15:05:56.027631+00:00
scrapeme:muk,2026-07-31,187.0,GBP,237.49,1,2026-07-31T15:05:56.027631+00:00
scrapeme:murkrow,2026-07-31,178.0,GBP,226.06,1,2026-07-31T15:05:56.027631+00:00
scrapeme:natu,2026-07-31,99.0,GBP,125.73,1,2026-07-31T15:05:56.027631+00:00
scrapeme:nidoking,2026-07-31,31.0,GBP,39.37,1,2026-07-31T15:05:56.027631+00:00
scrapeme:nidoqueen,2026-07-31,106.0,GBP,134.62,1,2026-07-31T15:05:56.027631+00:00
scrapeme:nidorina,2026-07-31,28.0,GBP,35.56,1,2026-07-31T15:05:56.027631+00:00
scrapeme:nidorino,2026-07-31,179.0,GBP,227.33,1,2026-07-31T15:05:56.027631+00:00
scrapeme:ninetales,2026-07-31,52.0,GBP,66.04,1,2026-07-31T15:05:56.027631+00:00
scrapeme:noctowl,2026-07-31,170.0,GBP,215.9,1,2026-07-31T15:05:56.027631+00:00
scrapeme:oddish,2026-07-31,45.0,GBP,57.15,1,2026-07-31T15:05:56.027631+00:00
scrapeme:omanyte,2026-07-31,162.0,GBP,205.74,1,2026-07-31T15:05:56.027631+00:00
scrapeme:omastar,2026-07-31,61.0,GBP,77.47,1,2026-07-31T15:05:56.027631+00:00
scrapeme:onix,2026-07-31,37.0,GBP,46.99,1,2026-07-31T15:05:56.027631+00:00
scrapeme:paras,2026-07-31,168.0,GBP,213.36,1,2026-07-31T15:05:56.027631+00:00
scrapeme:parasect,2026-07-31,27.0,GBP,34.29,1,2026-07-31T15:05:56.027631+00:00
scrapeme:persian,2026-07-31,200.0,GBP,254.0,1,2026-07-31T15:05:56.027631+00:00
scrapeme:pichu,2026-07-31,193.0,GBP,245.11,1,2026-07-31T15:05:56.027631+00:00
scrapeme:pidgeot,2026-07-31,185.0,GBP,234.95,1,2026-07-31T15:05:56.027631+00:00
scrapeme:pidgeotto,2026-07-31,84.0,GBP,106.68,1,2026-07-31T15:05:56.027631+00:00
scrapeme:pidgey,2026-07-31,159.0,GBP,201.93,1,2026-07-31T15:05:56.027631+00:00
scrapeme:pikachu,2026-07-31,37.0,GBP,46.99,1,2026-07-31T15:05:56.027631+00:00
scrapeme:pinsir,2026-07-31,141.0,GBP,179.07,1,2026-07-31T15:05:56.027631+00:00
scrapeme:politoed,2026-07-31,193.0,GBP,245.11,1,2026-07-31T15:05:56.027631+00:00
scrapeme:poliwag,2026-07-31,174.0,GBP,220.98,1,2026-07-31T15:05:56.027631+00:00
scrapeme:poliwhirl,2026-07-31,121.0,GBP,153.67,1,2026-07-31T15:05:56.027631+00:00
scrapeme:poliwrath,2026-07-31,152.0,GBP,193.04,1,2026-07-31T15:05:56.027631+00:00
scrapeme:ponyta,2026-07-31,53.0,GBP,67.31,1,2026-07-31T15:05:56.027631+00:00
scrapeme:porygon,2026-07-31,178.0,GBP,226.06,1,2026-07-31T15:05:56.027631+00:00
scrapeme:primeape,2026-07-31,86.0,GBP,109.22,1,2026-07-31T15:05:56.027631+00:00
scrapeme:psyduck,2026-07-31,182.0,GBP,231.14,1,2026-07-31T15:05:56.027631+00:00
scrapeme:quagsire,2026-07-31,37.0,GBP,46.99,1,2026-07-31T15:05:56.027631+00:00
scrapeme:quilava,2026-07-31,85.0,GBP,107.95,1,2026-07-31T15:05:56.027631+00:00
scrapeme:raichu,2026-07-31,140.0,GBP,177.8,1,2026-07-31T15:05:56.027631+00:00
scrapeme:rapidash,2026-07-31,98.0,GBP,124.46,1,2026-07-31T15:05:56.027631+00:00
scrapeme:raticate,2026-07-31,60.0,GBP,76.2,1,2026-07-31T15:05:56.027631+00:00
scrapeme:rattata,2026-07-31,128.0,GBP,162.56,1,2026-07-31T15:05:56.027631+00:00
scrapeme:rhydon,2026-07-31,27.0,GBP,34.29,1,2026-07-31T15:05:56.027631+00:00
scrapeme:rhyhorn,2026-07-31,124.0,GBP,157.48,1,2026-07-31T15:05:56.027631+00:00
scrapeme:sandshrew,2026-07-31,82.0,GBP,104.14,1,2026-07-31T15:05:56.027631+00:00
scrapeme:sandslash,2026-07-31,155.0,GBP,196.85,1,2026-07-31T15:05:56.027631+00:00
scrapeme:scyther,2026-07-31,85.0,GBP,107.95,1,2026-07-31T15:05:56.027631+00:00
scrapeme:seadra,2026-07-31,51.0,GBP,64.77,1,2026-07-31T15:05:56.027631+00:00
scrapeme:seaking,2026-07-31,129.0,GBP,163.83,1,2026-07-31T15:05:56.027631+00:00
scrapeme:seel,2026-07-31,164.0,GBP,208.28,1,2026-07-31T15:05:56.027631+00:00
scrapeme:sentret,2026-07-31,48.0,GBP,60.96,1,2026-07-31T15:05:56.027631+00:00
scrapeme:shellder,2026-07-31,138.0,GBP,175.26,1,2026-07-31T15:05:56.027631+00:00
scrapeme:skiploom,2026-07-31,185.0,GBP,234.95,1,2026-07-31T15:05:56.027631+00:00
scrapeme:slowbro,2026-07-31,179.0,GBP,227.33,1,2026-07-31T15:05:56.027631+00:00
scrapeme:slowking,2026-07-31,174.0,GBP,220.98,1,2026-07-31T15:05:56.027631+00:00
scrapeme:slowpoke,2026-07-31,109.0,GBP,138.43,1,2026-07-31T15:05:56.027631+00:00
scrapeme:snorlax,2026-07-31,134.0,GBP,170.18,1,2026-07-31T15:05:56.027631+00:00
scrapeme:spearow,2026-07-31,133.0,GBP,168.91,1,2026-07-31T15:05:56.027631+00:00
scrapeme:spinarak,2026-07-31,199.0,GBP,252.73,1,2026-07-31T15:05:56.027631+00:00
scrapeme:squirtle,2026-07-31,130.0,GBP,165.1,1,2026-07-31T15:05:56.027631+00:00
scrapeme:starmie,2026-07-31,176.0,GBP,223.52,1,2026-07-31T15:05:56.027631+00:00
scrapeme:staryu,2026-07-31,166.0,GBP,210.82,1,2026-07-31T15:05:56.027631+00:00
scrapeme:sudowoodo,2026-07-31,54.0,GBP,68.58,1,2026-07-31T15:05:56.027631+00:00
scrapeme:sunflora,2026-07-31,33.0,GBP,41.91,1,2026-07-31T15:05:56.027631+00:00
scrapeme:sunkern,2026-07-31,150.0,GBP,190.5,1,2026-07-31T15:05:56.027631+00:00
scrapeme:tangela,2026-07-31,64.0,GBP,81.28,1,2026-07-31T15:05:56.027631+00:00
scrapeme:tauros,2026-07-31,63.0,GBP,80.01,1,2026-07-31T15:05:56.027631+00:00
scrapeme:tentacool,2026-07-31,186.0,GBP,236.22,1,2026-07-31T15:05:56.027631+00:00
scrapeme:tentacruel,2026-07-31,65.0,GBP,82.55,1,2026-07-31T15:05:56.027631+00:00
scrapeme:togepi,2026-07-31,47.0,GBP,59.69,1,2026-07-31T15:05:56.027631+00:00
scrapeme:togetic,2026-07-31,69.0,GBP,87.63,1,2026-07-31T15:05:56.027631+00:00
scrapeme:totodile,2026-07-31,190.0,GBP,241.3,1,2026-07-31T15:05:56.027631+00:00
scrapeme:typhlosion,2026-07-31,191.0,GBP,242.57,1,2026-07-31T15:05:56.027631+00:00
scrapeme:umbreon,2026-07-31,78.0,GBP,99.06,1,2026-07-31T15:05:56.027631+00:00
scrapeme:unown,2026-07-31,198.0,GBP,251.46,1,2026-07-31T15:05:56.027631+00:00
scrapeme:vaporeon,2026-07-31,147.0,GBP,186.69,1,2026-07-31T15:05:56.027631+00:00
scrapeme:venomoth,2026-07-31,53.0,GBP,67.31,1,2026-07-31T15:05:56.027631+00:00
scrapeme:venonat,2026-07-31,158.0,GBP,200.66,1,2026-07-31T15:05:56.027631+00:00
scrapeme:venusaur,2026-07-31,105.0,GBP,133.35,1,2026-07-31T15:05:56.027631+00:00
scrapeme:victreebel,2026-07-31,68.0,GBP,86.36,1,2026-07-31T15:05:56.027631+00:00
scrapeme:vileplume,2026-07-31,170.0,GBP,215.9,1,2026-07-31T15:05:56.027631+00:00
scrapeme:voltorb,2026-07-31,189.0,GBP,240.03,1,2026-07-31T15:05:56.027631+00:00
scrapeme:vulpix,2026-07-31,85.0,GBP,107.95,1,2026-07-31T15:05:56.027631+00:00
scrapeme:wartortle,2026-07-31,123.0,GBP,156.21,1,2026-07-31T15:05:56.027631+00:00
scrapeme:weedle,2026-07-31,25.0,GBP,31.75,1,2026-07-31T15:05:56.027631+00:00
scrapeme:weepinbell,2026-07-31,26.0,GBP,33.02,1,2026-07-31T15:05:56.027631+00:00
scrapeme:weezing,2026-07-31,48.0,GBP,60.96,1,2026-07-31T15:05:56.027631+00:00
scrapeme:wigglytuff,2026-07-31,130.0,GBP,165.1,1,2026-07-31T15:05:56.027631+00:00
scrapeme:wobbuffet,2026-07-31,107.0,GBP,135.89,1,2026-07-31T15:05:56.027631+00:00
scrapeme:wooper,2026-07-31,98.0,GBP,124.46,1,2026-07-31T15:05:56.027631+00:00
scrapeme:xatu,2026-07-31,123.0,GBP,156.21,1,2026-07-31T15:05:56.027631+00:00
scrapeme:yanma,2026-07-31,130.0,GBP,165.1,1,2026-07-31T15:05:56.027631+00:00
scrapeme:zapdos,2026-07-31,133.0,GBP,168.91,1,2026-07-31T15:05:56.027631+00:00
scrapeme:zubat,2026-07-31,125.0,GBP,158.75,1,2026-07-31T15:05:56.027631+00:00
